file,line,type,commit,author,date,time,timezone,datetime,depth,length
style.css,1,css,8acb8f03,bdognieto,2026-04-17,19:14:39,-07:00,2026-04-17T19:14:39-07:00,0,4
style.css,2,css,8acb8f03,bdognieto,2026-04-17,19:14:39,-07:00,2026-04-17T19:14:39-07:00,1,23
style.css,3,css,8acb8f03,bdognieto,2026-04-17,19:14:39,-07:00,2026-04-17T19:14:39-07:00,0,0
style.css,4,css,8acb8f03,bdognieto,2026-04-17,19:14:39,-07:00,2026-04-17T19:14:39-07:00,0,0
style.css,5,css,b8c111dd,bdognieto,2026-04-03,21:23:07,-07:00,2026-04-03T21:23:07-07:00,0,4
style.css,6,css,b8c111dd,bdognieto,2026-04-03,21:23:07,-07:00,2026-04-03T21:23:07-07:00,1,23
style.css,7,css,fc3d5683,bdognieto,2026-04-10,20:02:55,-07:00,2026-04-10T20:02:55-07:00,1,14
style.css,8,css,fc3d5683,bdognieto,2026-04-10,20:02:55,-07:00,2026-04-10T20:02:55-07:00,1,13
style.css,9,css,fc3d5683,bdognieto,2026-04-10,20:02:55,-07:00,2026-04-10T20:02:55-07:00,1,12
style.css,10,css,c0b97888,bdognieto,2026-04-10,20:10:57,-07:00,2026-04-10T20:10:57-07:00,0,0
style.css,11,css,7c9c02b0,bdognieto,2026-04-10,20:29:28,-07:00,2026-04-10T20:29:28-07:00,0,0
style.css,12,css,b491751f,bdognieto,2026-04-10,21:23:09,-07:00,2026-04-10T21:23:09-07:00,0,2
style.css,13,css,b491751f,bdognieto,2026-04-10,21:23:09,-07:00,2026-04-10T21:23:09-07:00,1,14
style.css,14,css,b491751f,bdognieto,2026-04-10,21:23:09,-07:00,2026-04-10T21:23:09-07:00,0,0
style.css,15,css,b491751f,bdognieto,2026-04-10,21:23:09,-07:00,2026-04-10T21:23:09-07:00,0,0
style.css,16,css,b491751f,bdognieto,2026-04-10,21:23:09,-07:00,2026-04-10T21:23:09-07:00,0,22
style.css,17,css,b491751f,bdognieto,2026-04-10,21:23:09,-07:00,2026-04-10T21:23:09-07:00,1,15
style.css,18,css,b491751f,bdognieto,2026-04-10,21:23:09,-07:00,2026-04-10T21:23:09-07:00,1,17
style.css,19,css,b491751f,bdognieto,2026-04-10,21:23:09,-07:00,2026-04-10T21:23:09-07:00,0,0
style.css,20,css,b491751f,bdognieto,2026-04-10,21:23:09,-07:00,2026-04-10T21:23:09-07:00,0,0
style.css,21,css,27e7b281,bdognieto,2026-04-10,21:11:28,-07:00,2026-04-10T21:11:28-07:00,0,4
style.css,22,css,27e7b281,bdognieto,2026-04-10,21:11:28,-07:00,2026-04-10T21:11:28-07:00,0,7
style.css,23,css,27e7b281,bdognieto,2026-04-10,21:11:28,-07:00,2026-04-10T21:11:28-07:00,0,6
style.css,24,css,27e7b281,bdognieto,2026-04-10,21:11:28,-07:00,2026-04-10T21:11:28-07:00,1,12
style.css,25,css,27e7b281,bdognieto,2026-04-10,21:11:28,-07:00,2026-04-10T21:11:28-07:00,0,0
style.css,26,css,27e7b281,bdognieto,2026-04-10,21:11:28,-07:00,2026-04-10T21:11:28-07:00,0,0
style.css,27,css,76438217,bdognieto,2026-04-10,21:07:22,-07:00,2026-04-10T21:07:22-07:00,0,4
style.css,28,css,27e7b281,bdognieto,2026-04-10,21:11:28,-07:00,2026-04-10T21:11:28-07:00,1,12
style.css,29,css,27e7b281,bdognieto,2026-04-10,21:11:28,-07:00,2026-04-10T21:11:28-07:00,1,30
style.css,30,css,27e7b281,bdognieto,2026-04-10,21:11:28,-07:00,2026-04-10T21:11:28-07:00,1,7
style.css,31,css,76438217,bdognieto,2026-04-10,21:07:22,-07:00,2026-04-10T21:07:22-07:00,0,0
style.css,32,css,76438217,bdognieto,2026-04-10,21:07:22,-07:00,2026-04-10T21:07:22-07:00,0,0
style.css,33,css,76438217,bdognieto,2026-04-10,21:07:22,-07:00,2026-04-10T21:07:22-07:00,0,10
style.css,34,css,27e7b281,bdognieto,2026-04-10,21:11:28,-07:00,2026-04-10T21:11:28-07:00,1,16
style.css,35,css,76438217,bdognieto,2026-04-10,21:07:22,-07:00,2026-04-10T21:07:22-07:00,0,0
style.css,36,css,76438217,bdognieto,2026-04-10,21:07:22,-07:00,2026-04-10T21:07:22-07:00,0,0
style.css,37,css,76438217,bdognieto,2026-04-10,21:07:22,-07:00,2026-04-10T21:07:22-07:00,0,11
style.css,38,css,27e7b281,bdognieto,2026-04-10,21:11:28,-07:00,2026-04-10T21:11:28-07:00,1,18
style.css,39,css,76438217,bdognieto,2026-04-10,21:07:22,-07:00,2026-04-10T21:07:22-07:00,1,12
style.css,40,css,ad543bbb,bdognieto,2026-04-10,20:51:53,-07:00,2026-04-10T20:51:53-07:00,0,0
style.css,41,css,ad543bbb,bdognieto,2026-04-10,20:51:53,-07:00,2026-04-10T20:51:53-07:00,0,0
style.css,42,css,c0b97888,bdognieto,2026-04-10,20:10:57,-07:00,2026-04-10T20:10:57-07:00,0,3
style.css,43,css,c0b97888,bdognieto,2026-04-10,20:10:57,-07:00,2026-04-10T20:10:57-07:00,1,12
style.css,44,css,fa13f5c5,bdognieto,2026-04-10,20:16:42,-07:00,2026-04-10T20:16:42-07:00,1,18
style.css,45,css,9dbdf77d,bdognieto,2026-04-10,20:37:37,-07:00,2026-04-10T20:37:37-07:00,1,19
style.css,46,css,8acb8f03,bdognieto,2026-04-17,19:14:39,-07:00,2026-04-17T19:14:39-07:00,1,39
style.css,47,css,8acb8f03,bdognieto,2026-04-17,19:14:39,-07:00,2026-04-17T19:14:39-07:00,1,43
style.css,48,css,c0b97888,bdognieto,2026-04-10,20:10:57,-07:00,2026-04-10T20:10:57-07:00,0,0
style.css,49,css,7c9c02b0,bdognieto,2026-04-10,20:29:28,-07:00,2026-04-10T20:29:28-07:00,0,0
style.css,50,css,c0b97888,bdognieto,2026-04-10,20:10:57,-07:00,2026-04-10T20:10:57-07:00,0,5
style.css,51,css,c0b97888,bdognieto,2026-04-10,20:10:57,-07:00,2026-04-10T20:10:57-07:00,1,6
style.css,52,css,c0b97888,bdognieto,2026-04-10,20:10:57,-07:00,2026-04-10T20:10:57-07:00,1,17
style.css,53,css,c0b97888,bdognieto,2026-04-10,20:10:57,-07:00,2026-04-10T20:10:57-07:00,1,20
style.css,54,css,fa13f5c5,bdognieto,2026-04-10,20:16:42,-07:00,2026-04-10T20:16:42-07:00,1,14
style.css,55,css,8acb8f03,bdognieto,2026-04-17,19:14:39,-07:00,2026-04-17T19:14:39-07:00,1,13
style.css,56,css,843f6715,bdognieto,2026-04-10,20:34:35,-07:00,2026-04-10T20:34:35-07:00,1,13
style.css,57,css,cc078353,bdognieto,2026-04-10,20:13:51,-07:00,2026-04-10T20:13:51-07:00,0,0
style.css,58,css,7c9c02b0,bdognieto,2026-04-10,20:29:28,-07:00,2026-04-10T20:29:28-07:00,0,0
style.css,59,css,cc078353,bdognieto,2026-04-10,20:13:51,-07:00,2026-04-10T20:13:51-07:00,0,13
style.css,60,css,8acb8f03,bdognieto,2026-04-17,19:14:39,-07:00,2026-04-17T19:14:39-07:00,1,45
style.css,61,css,3728bc87,bdognieto,2026-04-10,20:22:37,-07:00,2026-04-10T20:22:37-07:00,0,0
style.css,62,css,d55373ee,bdognieto,2026-04-10,20:25:48,-07:00,2026-04-10T20:25:48-07:00,0,0
style.css,63,css,3728bc87,bdognieto,2026-04-10,20:22:37,-07:00,2026-04-10T20:22:37-07:00,0,11
style.css,64,css,8acb8f03,bdognieto,2026-04-17,19:14:39,-07:00,2026-04-17T19:14:39-07:00,1,57
style.css,65,css,8acb8f03,bdognieto,2026-04-17,19:14:39,-07:00,2026-04-17T19:14:39-07:00,1,33
style.css,66,css,7ec11ef1,bdognieto,2026-04-10,21:14:00,-07:00,2026-04-10T21:14:00-07:00,0,0
style.css,67,css,7ec11ef1,bdognieto,2026-04-10,21:14:00,-07:00,2026-04-10T21:14:00-07:00,0,0
style.css,68,css,7ec11ef1,bdognieto,2026-04-10,21:14:00,-07:00,2026-04-10T21:14:00-07:00,0,9
style.css,69,css,7ec11ef1,bdognieto,2026-04-10,21:14:00,-07:00,2026-04-10T21:14:00-07:00,1,12
style.css,70,css,7ec11ef1,bdognieto,2026-04-10,21:14:00,-07:00,2026-04-10T21:14:00-07:00,1,58
style.css,71,css,7ec11ef1,bdognieto,2026-04-10,21:14:00,-07:00,2026-04-10T21:14:00-07:00,1,7
style.css,72,css,d3d013d9,bdognieto,2026-04-10,21:26:29,-07:00,2026-04-10T21:26:29-07:00,0,0
style.css,73,css,d3d013d9,bdognieto,2026-04-10,21:26:29,-07:00,2026-04-10T21:26:29-07:00,0,0
style.css,74,css,d3d013d9,bdognieto,2026-04-10,21:26:29,-07:00,2026-04-10T21:26:29-07:00,0,15
style.css,75,css,d3d013d9,bdognieto,2026-04-10,21:26:29,-07:00,2026-04-10T21:26:29-07:00,1,17
style.css,76,css,d3d013d9,bdognieto,2026-04-10,21:26:29,-07:00,2026-04-10T21:26:29-07:00,0,0
style.css,77,css,d3d013d9,bdognieto,2026-04-10,21:26:29,-07:00,2026-04-10T21:26:29-07:00,0,0
style.css,78,css,d3d013d9,bdognieto,2026-04-10,21:26:29,-07:00,2026-04-10T21:26:29-07:00,0,10
style.css,79,css,d3d013d9,bdognieto,2026-04-10,21:26:29,-07:00,2026-04-10T21:26:29-07:00,1,21
style.css,80,css,d3d013d9,bdognieto,2026-04-10,21:26:29,-07:00,2026-04-10T21:26:29-07:00,0,0
style.css,81,css,d3d013d9,bdognieto,2026-04-10,21:26:29,-07:00,2026-04-10T21:26:29-07:00,0,0
style.css,82,css,d3d013d9,bdognieto,2026-04-10,21:26:29,-07:00,2026-04-10T21:26:29-07:00,0,10
style.css,83,css,d3d013d9,bdognieto,2026-04-10,21:26:29,-07:00,2026-04-10T21:26:29-07:00,1,15
style.css,84,css,d3d013d9,bdognieto,2026-04-10,21:26:29,-07:00,2026-04-10T21:26:29-07:00,1,21
style.css,85,css,d3d013d9,bdognieto,2026-04-10,21:26:29,-07:00,2026-04-10T21:26:29-07:00,1,22
style.css,86,css,d3d013d9,bdognieto,2026-04-10,21:26:29,-07:00,2026-04-10T21:26:29-07:00,1,28
style.css,87,css,d3d013d9,bdognieto,2026-04-10,21:26:29,-07:00,2026-04-10T21:26:29-07:00,1,16
style.css,88,css,d3d013d9,bdognieto,2026-04-10,21:26:29,-07:00,2026-04-10T21:26:29-07:00,0,0
style.css,89,css,d3d013d9,bdognieto,2026-04-10,21:26:29,-07:00,2026-04-10T21:26:29-07:00,0,0
style.css,90,css,d3d013d9,bdognieto,2026-04-10,21:26:29,-07:00,2026-04-10T21:26:29-07:00,0,10
style.css,91,css,d3d013d9,bdognieto,2026-04-10,21:26:29,-07:00,2026-04-10T21:26:29-07:00,1,21
style.css,92,css,d3d013d9,bdognieto,2026-04-10,21:26:29,-07:00,2026-04-10T21:26:29-07:00,1,17
style.css,93,css,d3d013d9,bdognieto,2026-04-10,21:26:29,-07:00,2026-04-10T21:26:29-07:00,0,0
style.css,94,css,d3d013d9,bdognieto,2026-04-10,21:26:29,-07:00,2026-04-10T21:26:29-07:00,0,0
style.css,95,css,d3d013d9,bdognieto,2026-04-10,21:26:29,-07:00,2026-04-10T21:26:29-07:00,0,9
style.css,96,css,d3d013d9,bdognieto,2026-04-10,21:26:29,-07:00,2026-04-10T21:26:29-07:00,1,15
style.css,97,css,d3d013d9,bdognieto,2026-04-10,21:26:29,-07:00,2026-04-10T21:26:29-07:00,0,0
style.css,98,css,d3d013d9,bdognieto,2026-04-10,21:26:29,-07:00,2026-04-10T21:26:29-07:00,0,0
style.css,99,css,d3d013d9,bdognieto,2026-04-10,21:26:29,-07:00,2026-04-10T21:26:29-07:00,0,10
style.css,100,css,d3d013d9,bdognieto,2026-04-10,21:26:29,-07:00,2026-04-10T21:26:29-07:00,1,17
style.css,101,css,d3d013d9,bdognieto,2026-04-10,21:26:29,-07:00,2026-04-10T21:26:29-07:00,1,20
style.css,102,css,d3d013d9,bdognieto,2026-04-10,21:26:29,-07:00,2026-04-10T21:26:29-07:00,0,0
style.css,103,css,d3d013d9,bdognieto,2026-04-10,21:26:29,-07:00,2026-04-10T21:26:29-07:00,0,0
style.css,104,css,d3d013d9,bdognieto,2026-04-10,21:26:29,-07:00,2026-04-10T21:26:29-07:00,0,10
style.css,105,css,d3d013d9,bdognieto,2026-04-10,21:26:29,-07:00,2026-04-10T21:26:29-07:00,1,16
style.css,106,css,d3d013d9,bdognieto,2026-04-10,21:26:29,-07:00,2026-04-10T21:26:29-07:00,0,0
style.css,107,css,d3d013d9,bdognieto,2026-04-10,21:26:29,-07:00,2026-04-10T21:26:29-07:00,0,0
style.css,108,css,d3d013d9,bdognieto,2026-04-10,21:26:29,-07:00,2026-04-10T21:26:29-07:00,0,15
style.css,109,css,d3d013d9,bdognieto,2026-04-10,21:26:29,-07:00,2026-04-10T21:26:29-07:00,1,21
style.css,110,css,d3d013d9,bdognieto,2026-04-10,21:26:29,-07:00,2026-04-10T21:26:29-07:00,0,0
style.css,111,css,d3d013d9,bdognieto,2026-04-10,21:26:29,-07:00,2026-04-10T21:26:29-07:00,0,0
style.css,112,css,d3d013d9,bdognieto,2026-04-10,21:26:29,-07:00,2026-04-10T21:26:29-07:00,0,12
style.css,113,css,d3d013d9,bdognieto,2026-04-10,21:26:29,-07:00,2026-04-10T21:26:29-07:00,1,10
style.css,114,css,7f989253,bdognieto,2026-04-17,19:23:47,-07:00,2026-04-17T19:23:47-07:00,0,0
style.css,115,css,7f989253,bdognieto,2026-04-17,19:23:47,-07:00,2026-04-17T19:23:47-07:00,0,0
style.css,116,css,7f989253,bdognieto,2026-04-17,19:23:47,-07:00,2026-04-17T19:23:47-07:00,0,13
style.css,117,css,7f989253,bdognieto,2026-04-17,19:23:47,-07:00,2026-04-17T19:23:47-07:00,1,17
style.css,118,css,7f989253,bdognieto,2026-04-17,19:23:47,-07:00,2026-04-17T19:23:47-07:00,1,8
style.css,119,css,7f989253,bdognieto,2026-04-17,19:23:47,-07:00,2026-04-17T19:23:47-07:00,1,10
style.css,120,css,7f989253,bdognieto,2026-04-17,19:23:47,-07:00,2026-04-17T19:23:47-07:00,1,13
style.css,121,css,3e9c2e62,bdognieto,2026-05-01,15:00:01,-07:00,2026-05-01T15:00:01-07:00,0,0
style.css,122,css,3e9c2e62,bdognieto,2026-05-01,15:00:01,-07:00,2026-05-01T15:00:01-07:00,0,0
style.css,123,css,3e9c2e62,bdognieto,2026-05-01,15:00:01,-07:00,2026-05-01T15:00:01-07:00,0,13
style.css,124,css,3e9c2e62,bdognieto,2026-05-01,15:00:01,-07:00,2026-05-01T15:00:01-07:00,1,10
style.css,125,css,3e9c2e62,bdognieto,2026-05-01,15:00:01,-07:00,2026-05-01T15:00:01-07:00,1,30
style.css,126,css,3e9c2e62,bdognieto,2026-05-01,15:00:01,-07:00,2026-05-01T15:00:01-07:00,1,34
style.css,127,css,3e9c2e62,bdognieto,2026-05-01,15:00:01,-07:00,2026-05-01T15:00:01-07:00,1,17
style.css,128,css,b70c1641,bdognieto,2026-05-01,15:19:14,-07:00,2026-05-01T15:19:14-07:00,0,0
style.css,129,css,b70c1641,bdognieto,2026-05-01,15:19:14,-07:00,2026-05-01T15:19:14-07:00,0,0
style.css,130,css,b70c1641,bdognieto,2026-05-01,15:19:14,-07:00,2026-05-01T15:19:14-07:00,0,18
style.css,131,css,b70c1641,bdognieto,2026-05-01,15:19:14,-07:00,2026-05-01T15:19:14-07:00,1,14
style.css,132,css,b70c1641,bdognieto,2026-05-01,15:19:14,-07:00,2026-05-01T15:19:14-07:00,1,16
style.css,133,css,b70c1641,bdognieto,2026-05-01,15:19:14,-07:00,2026-05-01T15:19:14-07:00,1,16
style.css,134,css,d1f2c74e,bdognieto,2026-05-01,15:38:18,-07:00,2026-05-01T15:38:18-07:00,0,0
style.css,135,css,d1f2c74e,bdognieto,2026-05-01,15:38:18,-07:00,2026-05-01T15:38:18-07:00,0,0
style.css,136,css,d1f2c74e,bdognieto,2026-05-01,15:38:18,-07:00,2026-05-01T15:38:18-07:00,0,7
style.css,137,css,5f4b2617,bdognieto,2026-05-01,15:55:44,-07:00,2026-05-01T15:55:44-07:00,1,6
style.css,138,css,d1f2c74e,bdognieto,2026-05-01,15:38:18,-07:00,2026-05-01T15:38:18-07:00,1,15
style.css,139,css,64c82d2d,bdognieto,2026-05-01,15:46:53,-07:00,2026-05-01T15:46:53-07:00,1,20
style.css,140,css,64c82d2d,bdognieto,2026-05-01,15:46:53,-07:00,2026-05-01T15:46:53-07:00,1,18
style.css,141,css,64c82d2d,bdognieto,2026-05-01,15:46:53,-07:00,2026-05-01T15:46:53-07:00,0,0
style.css,142,css,64c82d2d,bdognieto,2026-05-01,15:46:53,-07:00,2026-05-01T15:46:53-07:00,1,21
style.css,143,css,64c82d2d,bdognieto,2026-05-01,15:46:53,-07:00,2026-05-01T15:46:53-07:00,1,17
style.css,144,css,64c82d2d,bdognieto,2026-05-01,15:46:53,-07:00,2026-05-01T15:46:53-07:00,0,0
style.css,145,css,64c82d2d,bdognieto,2026-05-01,15:46:53,-07:00,2026-05-01T15:46:53-07:00,1,38
style.css,146,css,a1dd93a2,bdognieto,2026-05-01,16:37:51,-07:00,2026-05-01T16:37:51-07:00,1,15
style.css,147,css,a1dd93a2,bdognieto,2026-05-01,16:37:51,-07:00,2026-05-01T16:37:51-07:00,1,14
style.css,148,css,d1f2c74e,bdognieto,2026-05-01,15:38:18,-07:00,2026-05-01T15:38:18-07:00,0,0
style.css,149,css,d1f2c74e,bdognieto,2026-05-01,15:38:18,-07:00,2026-05-01T15:38:18-07:00,1,12
style.css,150,css,64c82d2d,bdognieto,2026-05-01,15:46:53,-07:00,2026-05-01T15:46:53-07:00,1,58
style.css,151,css,64c82d2d,bdognieto,2026-05-01,15:46:53,-07:00,2026-05-01T15:46:53-07:00,1,15
style.css,152,css,64c82d2d,bdognieto,2026-05-01,15:46:53,-07:00,2026-05-01T15:46:53-07:00,0,0
style.css,153,css,64c82d2d,bdognieto,2026-05-01,15:46:53,-07:00,2026-05-01T15:46:53-07:00,1,18
style.css,154,css,d1f2c74e,bdognieto,2026-05-01,15:38:18,-07:00,2026-05-01T15:38:18-07:00,0,0
style.css,155,css,d1f2c74e,bdognieto,2026-05-01,15:38:18,-07:00,2026-05-01T15:38:18-07:00,0,0
style.css,156,css,d1f2c74e,bdognieto,2026-05-01,15:38:18,-07:00,2026-05-01T15:38:18-07:00,0,10
style.css,157,css,d1f2c74e,bdognieto,2026-05-01,15:38:18,-07:00,2026-05-01T15:38:18-07:00,1,12
style.css,158,css,d1f2c74e,bdognieto,2026-05-01,15:38:18,-07:00,2026-05-01T15:38:18-07:00,1,18
style.css,159,css,d1f2c74e,bdognieto,2026-05-01,15:38:18,-07:00,2026-05-01T15:38:18-07:00,1,10
style.css,160,css,64c82d2d,bdognieto,2026-05-01,15:46:53,-07:00,2026-05-01T15:46:53-07:00,0,0
style.css,161,css,64c82d2d,bdognieto,2026-05-01,15:46:53,-07:00,2026-05-01T15:46:53-07:00,1,16
style.css,162,css,d1f2c74e,bdognieto,2026-05-01,15:38:18,-07:00,2026-05-01T15:38:18-07:00,0,0
style.css,163,css,d1f2c74e,bdognieto,2026-05-01,15:38:18,-07:00,2026-05-01T15:38:18-07:00,0,0
style.css,164,css,d1f2c74e,bdognieto,2026-05-01,15:38:18,-07:00,2026-05-01T15:38:18-07:00,0,7
style.css,165,css,64c82d2d,bdognieto,2026-05-01,15:46:53,-07:00,2026-05-01T15:46:53-07:00,1,10
style.css,166,css,64c82d2d,bdognieto,2026-05-01,15:46:53,-07:00,2026-05-01T15:46:53-07:00,1,11
style.css,167,css,d1f2c74e,bdognieto,2026-05-01,15:38:18,-07:00,2026-05-01T15:38:18-07:00,1,29
style.css,168,css,d1f2c74e,bdognieto,2026-05-01,15:38:18,-07:00,2026-05-01T15:38:18-07:00,1,17
style.css,169,css,64c82d2d,bdognieto,2026-05-01,15:46:53,-07:00,2026-05-01T15:46:53-07:00,1,20
style.css,170,css,64c82d2d,bdognieto,2026-05-01,15:46:53,-07:00,2026-05-01T15:46:53-07:00,1,13
style.css,171,css,5f4b2617,bdognieto,2026-05-01,15:55:44,-07:00,2026-05-01T15:55:44-07:00,0,0
style.css,172,css,5f4b2617,bdognieto,2026-05-01,15:55:44,-07:00,2026-05-01T15:55:44-07:00,0,0
style.css,173,css,5f4b2617,bdognieto,2026-05-01,15:55:44,-07:00,2026-05-01T15:55:44-07:00,0,14
style.css,174,css,5f4b2617,bdognieto,2026-05-01,15:55:44,-07:00,2026-05-01T15:55:44-07:00,1,12
style.css,175,css,a1dd93a2,bdognieto,2026-05-01,16:37:51,-07:00,2026-05-01T16:37:51-07:00,1,18
style.css,176,css,a1dd93a2,bdognieto,2026-05-01,16:37:51,-07:00,2026-05-01T16:37:51-07:00,1,8
style.css,177,css,5f4b2617,bdognieto,2026-05-01,15:55:44,-07:00,2026-05-01T15:55:44-07:00,1,13
style.css,178,css,a1dd93a2,bdognieto,2026-05-01,16:37:51,-07:00,2026-05-01T16:37:51-07:00,1,14
style.css,179,css,199ab14e,bdognieto,2026-05-07,20:42:56,-07:00,2026-05-07T20:42:56-07:00,0,0
style.css,180,css,199ab14e,bdognieto,2026-05-07,20:42:56,-07:00,2026-05-07T20:42:56-07:00,0,0
style.css,181,css,199ab14e,bdognieto,2026-05-07,20:42:56,-07:00,2026-05-07T20:42:56-07:00,0,10
style.css,182,css,199ab14e,bdognieto,2026-05-07,20:42:56,-07:00,2026-05-07T20:42:56-07:00,1,9
style.css,183,css,199ab14e,bdognieto,2026-05-07,20:42:56,-07:00,2026-05-07T20:42:56-07:00,1,15
style.css,184,css,199ab14e,bdognieto,2026-05-07,20:42:56,-07:00,2026-05-07T20:42:56-07:00,1,13
style.css,185,css,860b0bc4,bdognieto,2026-05-07,20:53:32,-07:00,2026-05-07T20:53:32-07:00,1,39
style.css,186,css,199ab14e,bdognieto,2026-05-07,20:42:56,-07:00,2026-05-07T20:42:56-07:00,1,17
style.css,187,css,199ab14e,bdognieto,2026-05-07,20:42:56,-07:00,2026-05-07T20:42:56-07:00,1,14
style.css,188,css,199ab14e,bdognieto,2026-05-07,20:42:56,-07:00,2026-05-07T20:42:56-07:00,1,18
style.css,189,css,199ab14e,bdognieto,2026-05-07,20:42:56,-07:00,2026-05-07T20:42:56-07:00,1,21
style.css,190,css,199ab14e,bdognieto,2026-05-07,20:42:56,-07:00,2026-05-07T20:42:56-07:00,0,0
style.css,191,css,199ab14e,bdognieto,2026-05-07,20:42:56,-07:00,2026-05-07T20:42:56-07:00,0,0
style.css,192,css,199ab14e,bdognieto,2026-05-07,20:42:56,-07:00,2026-05-07T20:42:56-07:00,0,16
style.css,193,css,199ab14e,bdognieto,2026-05-07,20:42:56,-07:00,2026-05-07T20:42:56-07:00,1,20
style.css,194,css,199ab14e,bdognieto,2026-05-07,20:42:56,-07:00,2026-05-07T20:42:56-07:00,1,44
style.css,195,css,e01062ca,bdognieto,2026-05-07,21:05:27,-07:00,2026-05-07T21:05:27-07:00,0,0
style.css,196,css,e01062ca,bdognieto,2026-05-07,21:05:27,-07:00,2026-05-07T21:05:27-07:00,0,0
style.css,197,css,e01062ca,bdognieto,2026-05-07,21:05:27,-07:00,2026-05-07T21:05:27-07:00,0,51
style.css,198,css,e01062ca,bdognieto,2026-05-07,21:05:27,-07:00,2026-05-07T21:05:27-07:00,1,11
style.css,199,css,e01062ca,bdognieto,2026-05-07,21:05:27,-07:00,2026-05-07T21:05:27-07:00,0,0
style.css,200,css,e01062ca,bdognieto,2026-05-07,21:05:27,-07:00,2026-05-07T21:05:27-07:00,0,0
style.css,201,css,e01062ca,bdognieto,2026-05-07,21:05:27,-07:00,2026-05-07T21:05:27-07:00,0,4
style.css,202,css,e01062ca,bdognieto,2026-05-07,21:05:27,-07:00,2026-05-07T21:05:27-07:00,1,16
style.css,203,css,e01062ca,bdognieto,2026-05-07,21:05:27,-07:00,2026-05-07T21:05:27-07:00,1,14
style.css,204,css,e01062ca,bdognieto,2026-05-07,21:05:27,-07:00,2026-05-07T21:05:27-07:00,0,0
style.css,205,css,e01062ca,bdognieto,2026-05-07,21:05:27,-07:00,2026-05-07T21:05:27-07:00,0,0
style.css,206,css,e01062ca,bdognieto,2026-05-07,21:05:27,-07:00,2026-05-07T21:05:27-07:00,0,9
style.css,207,css,e01062ca,bdognieto,2026-05-07,21:05:27,-07:00,2026-05-07T21:05:27-07:00,1,35
style.css,208,css,e01062ca,bdognieto,2026-05-07,21:05:27,-07:00,2026-05-07T21:05:27-07:00,0,0
style.css,209,css,e01062ca,bdognieto,2026-05-07,21:05:27,-07:00,2026-05-07T21:05:27-07:00,0,0
style.css,210,css,e01062ca,bdognieto,2026-05-07,21:05:27,-07:00,2026-05-07T21:05:27-07:00,0,18
style.css,211,css,e01062ca,bdognieto,2026-05-07,21:05:27,-07:00,2026-05-07T21:05:27-07:00,1,17
style.css,212,css,b8c111dd,bdognieto,2026-04-03,21:23:07,-07:00,2026-04-03T21:23:07-07:00,0,0
index.js,1,js,af72928b,bdognieto,2026-04-25,20:44:18,-07:00,2026-04-25T20:44:18-07:00,0,71
index.js,2,js,efb5b989,bdognieto,2026-04-25,18:56:23,-07:00,2026-04-25T18:56:23-07:00,0,0
index.js,3,js,efb5b989,bdognieto,2026-04-25,18:56:23,-07:00,2026-04-25T18:56:23-07:00,0,54
index.js,4,js,efb5b989,bdognieto,2026-04-25,18:56:23,-07:00,2026-04-25T18:56:23-07:00,0,42
index.js,5,js,efb5b989,bdognieto,2026-04-25,18:56:23,-07:00,2026-04-25T18:56:23-07:00,0,0
index.js,6,js,efb5b989,bdognieto,2026-04-25,18:56:23,-07:00,2026-04-25T18:56:23-07:00,0,60
index.js,7,js,af72928b,bdognieto,2026-04-25,20:44:18,-07:00,2026-04-25T20:44:18-07:00,0,54
index.js,8,js,af72928b,bdognieto,2026-04-25,20:44:18,-07:00,2026-04-25T20:44:18-07:00,0,0
index.js,9,js,af72928b,bdognieto,2026-04-25,20:44:18,-07:00,2026-04-25T20:44:18-07:00,0,52
index.js,10,js,af72928b,bdognieto,2026-04-25,20:44:18,-07:00,2026-04-25T20:44:18-07:00,0,0
index.js,11,js,af72928b,bdognieto,2026-04-25,20:44:18,-07:00,2026-04-25T20:44:18-07:00,0,60
index.js,12,js,efb5b989,bdognieto,2026-04-25,18:56:23,-07:00,2026-04-25T18:56:23-07:00,0,0
index.js,13,js,af72928b,bdognieto,2026-04-25,20:44:18,-07:00,2026-04-25T20:44:18-07:00,0,17
index.js,14,js,af72928b,bdognieto,2026-04-25,20:44:18,-07:00,2026-04-25T20:44:18-07:00,1,24
index.js,15,js,af72928b,bdognieto,2026-04-25,20:44:18,-07:00,2026-04-25T20:44:18-07:00,2,2
index.js,16,js,af72928b,bdognieto,2026-04-25,20:44:18,-07:00,2026-04-25T20:44:18-07:00,3,55
index.js,17,js,af72928b,bdognieto,2026-04-25,20:44:18,-07:00,2026-04-25T20:44:18-07:00,3,55
index.js,18,js,af72928b,bdognieto,2026-04-25,20:44:18,-07:00,2026-04-25T20:44:18-07:00,3,49
index.js,19,js,af72928b,bdognieto,2026-04-25,20:44:18,-07:00,2026-04-25T20:44:18-07:00,3,49
index.js,20,js,af72928b,bdognieto,2026-04-25,20:44:18,-07:00,2026-04-25T20:44:18-07:00,2,3
index.js,21,js,af72928b,bdognieto,2026-04-25,20:44:18,-07:00,2026-04-25T20:44:18-07:00,1,0
index.js,22,js,af72928b,bdognieto,2026-04-25,20:44:18,-07:00,2026-04-25T20:44:18-07:00,0,0
index.html,1,html,0b33536b,bdognieto,2026-04-03,20:48:28,-07:00,2026-04-03T20:48:28-07:00,0,13
index.html,2,html,0b33536b,bdognieto,2026-04-03,20:48:28,-07:00,2026-04-03T20:48:28-07:00,0,14
index.html,3,html,0b33536b,bdognieto,2026-04-03,20:48:28,-07:00,2026-04-03T20:48:28-07:00,0,4
index.html,4,html,0b33536b,bdognieto,2026-04-03,20:48:28,-07:00,2026-04-03T20:48:28-07:00,2,20
index.html,5,html,0b33536b,bdognieto,2026-04-03,20:48:28,-07:00,2026-04-03T20:48:28-07:00,2,68
index.html,6,html,0b33536b,bdognieto,2026-04-03,20:48:28,-07:00,2026-04-03T20:48:28-07:00,2,55
index.html,7,html,b8c111dd,bdognieto,2026-04-03,21:23:07,-07:00,2026-04-03T21:23:07-07:00,2,38
index.html,8,html,0b33536b,bdognieto,2026-04-03,20:48:28,-07:00,2026-04-03T20:48:28-07:00,0,5
index.html,9,html,0b33536b,bdognieto,2026-04-03,20:48:28,-07:00,2026-04-03T20:48:28-07:00,0,4
index.html,10,html,d77b2320,bdognieto,2026-04-10,20:00:24,-07:00,2026-04-10T20:00:24-07:00,2,20
index.html,11,html,d77b2320,bdognieto,2026-04-10,20:00:24,-07:00,2026-04-10T20:00:24-07:00,2,165
index.html,12,html,d77b2320,bdognieto,2026-04-10,20:00:24,-07:00,2026-04-10T20:00:24-07:00,2,93
index.html,13,html,af72928b,bdognieto,2026-04-25,20:44:18,-07:00,2026-04-25T20:44:18-07:00,2,0
index.html,14,html,efb5b989,bdognieto,2026-04-25,18:56:23,-07:00,2026-04-25T18:56:23-07:00,2,22
index.html,15,html,efb5b989,bdognieto,2026-04-25,18:56:23,-07:00,2026-04-25T18:56:23-07:00,2,20
index.html,16,html,efb5b989,bdognieto,2026-04-25,18:56:23,-07:00,2026-04-25T18:56:23-07:00,2,35
index.html,17,html,efb5b989,bdognieto,2026-04-25,18:56:23,-07:00,2026-04-25T18:56:23-07:00,2,4
index.html,18,html,af72928b,bdognieto,2026-04-25,20:44:18,-07:00,2026-04-25T20:44:18-07:00,0,0
index.html,19,html,af72928b,bdognieto,2026-04-25,20:44:18,-07:00,2026-04-25T20:44:18-07:00,2,22
index.html,20,html,af72928b,bdognieto,2026-04-25,20:44:18,-07:00,2026-04-25T20:44:18-07:00,2,28
index.html,21,html,af72928b,bdognieto,2026-04-25,20:44:18,-07:00,2026-04-25T20:44:18-07:00,2,0
index.html,22,html,33cf3ce8,bdognieto,2026-04-17,18:23:40,-07:00,2026-04-17T18:23:40-07:00,2,45
index.html,23,html,efb5b989,bdognieto,2026-04-25,18:56:23,-07:00,2026-04-25T18:56:23-07:00,2,44
index.html,24,html,0b33536b,bdognieto,2026-04-03,20:48:28,-07:00,2026-04-03T20:48:28-07:00,0,5
index.html,25,html,0b33536b,bdognieto,2026-04-03,20:48:28,-07:00,2026-04-03T20:48:28-07:00,0,5
global.js,1,js,8acb8f03,bdognieto,2026-04-17,19:14:39,-07:00,2026-04-17T19:14:39-07:00,0,25
global.js,2,js,33cf3ce8,bdognieto,2026-04-17,18:23:40,-07:00,2026-04-17T18:23:40-07:00,0,0
global.js,3,js,33cf3ce8,bdognieto,2026-04-17,18:23:40,-07:00,2026-04-17T18:23:40-07:00,0,41
global.js,4,js,33cf3ce8,bdognieto,2026-04-17,18:23:40,-07:00,2026-04-17T18:23:40-07:00,1,52
global.js,5,js,33cf3ce8,bdognieto,2026-04-17,18:23:40,-07:00,2026-04-17T18:23:40-07:00,0,0
global.js,6,js,8acb8f03,bdognieto,2026-04-17,19:14:39,-07:00,2026-04-17T19:14:39-07:00,0,0
global.js,7,js,8ea9cd5e,bdognieto,2026-04-17,18:46:34,-07:00,2026-04-17T18:46:34-07:00,0,15
global.js,8,js,8acb8f03,bdognieto,2026-04-17,19:14:39,-07:00,2026-04-17T19:14:39-07:00,1,68
global.js,9,js,8acb8f03,bdognieto,2026-04-17,19:14:39,-07:00,2026-04-17T19:14:39-07:00,2,3
global.js,10,js,8acb8f03,bdognieto,2026-04-17,19:14:39,-07:00,2026-04-17T19:14:39-07:00,2,55
global.js,11,js,8ea9cd5e,bdognieto,2026-04-17,18:46:34,-07:00,2026-04-17T18:46:34-07:00,0,0
global.js,12,js,8ea9cd5e,bdognieto,2026-04-17,18:46:34,-07:00,2026-04-17T18:46:34-07:00,0,13
global.js,13,js,8acb8f03,bdognieto,2026-04-17,19:14:39,-07:00,2026-04-17T19:14:39-07:00,1,25
global.js,14,js,8acb8f03,bdognieto,2026-04-17,19:14:39,-07:00,2026-04-17T19:14:39-07:00,1,38
global.js,15,js,8acb8f03,bdognieto,2026-04-17,19:14:39,-07:00,2026-04-17T19:14:39-07:00,1,30
global.js,16,js,8acb8f03,bdognieto,2026-04-17,19:14:39,-07:00,2026-04-17T19:14:39-07:00,1,36
global.js,17,js,00000000,Not Committed Yet,2026-05-07,22:54:37,-07:00,2026-05-07T22:54:37-07:00,1,30
global.js,18,js,8acb8f03,bdognieto,2026-04-17,19:14:39,-07:00,2026-04-17T19:14:39-07:00,1,54
global.js,19,js,8ea9cd5e,bdognieto,2026-04-17,18:46:34,-07:00,2026-04-17T18:46:34-07:00,0,0
global.js,20,js,8ea9cd5e,bdognieto,2026-04-17,18:46:34,-07:00,2026-04-17T18:46:34-07:00,0,0
global.js,21,js,8acb8f03,bdognieto,2026-04-17,19:14:39,-07:00,2026-04-17T19:14:39-07:00,0,38
global.js,22,js,8ea9cd5e,bdognieto,2026-04-17,18:46:34,-07:00,2026-04-17T18:46:34-07:00,0,25
global.js,23,js,8ea9cd5e,bdognieto,2026-04-17,18:46:34,-07:00,2026-04-17T18:46:34-07:00,0,0
global.js,24,js,8ea9cd5e,bdognieto,2026-04-17,18:46:34,-07:00,2026-04-17T18:46:34-07:00,0,20
global.js,25,js,8ea9cd5e,bdognieto,2026-04-17,18:46:34,-07:00,2026-04-17T18:46:34-07:00,1,14
global.js,26,js,8ea9cd5e,bdognieto,2026-04-17,18:46:34,-07:00,2026-04-17T18:46:34-07:00,1,18
global.js,27,js,8ea9cd5e,bdognieto,2026-04-17,18:46:34,-07:00,2026-04-17T18:46:34-07:00,0,0
global.js,28,js,8acb8f03,bdognieto,2026-04-17,19:14:39,-07:00,2026-04-17T19:14:39-07:00,1,52
global.js,29,js,8ea9cd5e,bdognieto,2026-04-17,18:46:34,-07:00,2026-04-17T18:46:34-07:00,0,0
global.js,30,js,8acb8f03,bdognieto,2026-04-17,19:14:39,-07:00,2026-04-17T19:14:39-07:00,1,34
global.js,31,js,8acb8f03,bdognieto,2026-04-17,19:14:39,-07:00,2026-04-17T19:14:39-07:00,1,11
global.js,32,js,8acb8f03,bdognieto,2026-04-17,19:14:39,-07:00,2026-04-17T19:14:39-07:00,1,20
global.js,33,js,7340d15c,bdognieto,2026-04-17,18:37:25,-07:00,2026-04-17T18:37:25-07:00,0,0
global.js,34,js,8ea9cd5e,bdognieto,2026-04-17,18:46:34,-07:00,2026-04-17T18:46:34-07:00,1,65
global.js,35,js,8acb8f03,bdognieto,2026-04-17,19:14:39,-07:00,2026-04-17T19:14:39-07:00,2,25
global.js,36,js,8ea9cd5e,bdognieto,2026-04-17,18:46:34,-07:00,2026-04-17T18:46:34-07:00,1,0
global.js,37,js,7340d15c,bdognieto,2026-04-17,18:37:25,-07:00,2026-04-17T18:37:25-07:00,0,0
global.js,38,js,8ea9cd5e,bdognieto,2026-04-17,18:46:34,-07:00,2026-04-17T18:46:34-07:00,1,29
global.js,39,js,8acb8f03,bdognieto,2026-04-17,19:14:39,-07:00,2026-04-17T19:14:39-07:00,2,18
global.js,40,js,8acb8f03,bdognieto,2026-04-17,19:14:39,-07:00,2026-04-17T19:14:39-07:00,2,28
global.js,41,js,8ea9cd5e,bdognieto,2026-04-17,18:46:34,-07:00,2026-04-17T18:46:34-07:00,1,0
global.js,42,js,8acb8f03,bdognieto,2026-04-17,19:14:39,-07:00,2026-04-17T19:14:39-07:00,0,0
global.js,43,js,8acb8f03,bdognieto,2026-04-17,19:14:39,-07:00,2026-04-17T19:14:39-07:00,1,12
global.js,44,js,7f989253,bdognieto,2026-04-17,19:23:47,-07:00,2026-04-17T19:23:47-07:00,0,0
global.js,45,js,7f989253,bdognieto,2026-04-17,19:23:47,-07:00,2026-04-17T19:23:47-07:00,0,0
global.js,46,js,7f989253,bdognieto,2026-04-17,19:23:47,-07:00,2026-04-17T19:23:47-07:00,0,31
global.js,47,js,7f989253,bdognieto,2026-04-17,19:23:47,-07:00,2026-04-17T19:23:47-07:00,1,11
global.js,48,js,7f989253,bdognieto,2026-04-17,19:23:47,-07:00,2026-04-17T19:23:47-07:00,1,0
global.js,49,js,7f989253,bdognieto,2026-04-17,19:23:47,-07:00,2026-04-17T19:23:47-07:00,1,26
global.js,50,js,7f989253,bdognieto,2026-04-17,19:23:47,-07:00,2026-04-17T19:23:47-07:00,2,4
global.js,51,js,7f989253,bdognieto,2026-04-17,19:23:47,-07:00,2026-04-17T19:23:47-07:00,2,6
global.js,52,js,7f989253,bdognieto,2026-04-17,19:23:47,-07:00,2026-04-17T19:23:47-07:00,3,43
global.js,53,js,7f989253,bdognieto,2026-04-17,19:23:47,-07:00,2026-04-17T19:23:47-07:00,3,34
global.js,54,js,7f989253,bdognieto,2026-04-17,19:23:47,-07:00,2026-04-17T19:23:47-07:00,3,32
global.js,55,js,7f989253,bdognieto,2026-04-17,19:23:47,-07:00,2026-04-17T19:23:47-07:00,2,7
global.js,56,js,7f989253,bdognieto,2026-04-17,19:23:47,-07:00,2026-04-17T19:23:47-07:00,1,6
global.js,57,js,7f989253,bdognieto,2026-04-17,19:23:47,-07:00,2026-04-17T19:23:47-07:00,1,0
global.js,58,js,7f989253,bdognieto,2026-04-17,19:23:47,-07:00,2026-04-17T19:23:47-07:00,0,0
global.js,59,js,7f989253,bdognieto,2026-04-17,19:23:47,-07:00,2026-04-17T19:23:47-07:00,0,0
global.js,60,js,7f989253,bdognieto,2026-04-17,19:23:47,-07:00,2026-04-17T19:23:47-07:00,0,58
global.js,61,js,7f989253,bdognieto,2026-04-17,19:23:47,-07:00,2026-04-17T19:23:47-07:00,0,0
global.js,62,js,7f989253,bdognieto,2026-04-17,19:23:47,-07:00,2026-04-17T19:23:47-07:00,0,49
global.js,63,js,7f989253,bdognieto,2026-04-17,19:23:47,-07:00,2026-04-17T19:23:47-07:00,1,31
global.js,64,js,7f989253,bdognieto,2026-04-17,19:23:47,-07:00,2026-04-17T19:23:47-07:00,1,64
global.js,65,js,7f989253,bdognieto,2026-04-17,19:23:47,-07:00,2026-04-17T19:23:47-07:00,1,31
global.js,66,js,7f989253,bdognieto,2026-04-17,19:23:47,-07:00,2026-04-17T19:23:47-07:00,0,1
global.js,67,js,7f989253,bdognieto,2026-04-17,19:23:47,-07:00,2026-04-17T19:23:47-07:00,0,0
global.js,68,js,7f989253,bdognieto,2026-04-17,19:23:47,-07:00,2026-04-17T19:23:47-07:00,0,34
global.js,69,js,7f989253,bdognieto,2026-04-17,19:23:47,-07:00,2026-04-17T19:23:47-07:00,1,37
global.js,70,js,7f989253,bdognieto,2026-04-17,19:23:47,-07:00,2026-04-17T19:23:47-07:00,1,64
global.js,71,js,7f989253,bdognieto,2026-04-17,19:23:47,-07:00,2026-04-17T19:23:47-07:00,1,19
global.js,72,js,03ef60cc,bdognieto,2026-04-17,19:38:07,-07:00,2026-04-17T19:38:07-07:00,0,0
global.js,73,js,03ef60cc,bdognieto,2026-04-17,19:38:07,-07:00,2026-04-17T19:38:07-07:00,0,0
global.js,74,js,03ef60cc,bdognieto,2026-04-17,19:38:07,-07:00,2026-04-17T19:38:07-07:00,0,40
global.js,75,js,03ef60cc,bdognieto,2026-04-17,19:38:07,-07:00,2026-04-17T19:38:07-07:00,0,0
global.js,76,js,03ef60cc,bdognieto,2026-04-17,19:38:07,-07:00,2026-04-17T19:38:07-07:00,0,49
global.js,77,js,8bc96d9e,bdognieto,2026-04-17,19:51:02,-07:00,2026-04-17T19:51:02-07:00,1,21
global.js,78,js,03ef60cc,bdognieto,2026-04-17,19:38:07,-07:00,2026-04-17T19:38:07-07:00,0,0
global.js,79,js,03ef60cc,bdognieto,2026-04-17,19:38:07,-07:00,2026-04-17T19:38:07-07:00,1,28
global.js,80,js,03ef60cc,bdognieto,2026-04-17,19:38:07,-07:00,2026-04-17T19:38:07-07:00,1,26
global.js,81,js,03ef60cc,bdognieto,2026-04-17,19:38:07,-07:00,2026-04-17T19:38:07-07:00,1,14
global.js,82,js,03ef60cc,bdognieto,2026-04-17,19:38:07,-07:00,2026-04-17T19:38:07-07:00,0,0
global.js,83,js,03ef60cc,bdognieto,2026-04-17,19:38:07,-07:00,2026-04-17T19:38:07-07:00,1,31
global.js,84,js,8bc96d9e,bdognieto,2026-04-17,19:51:02,-07:00,2026-04-17T19:51:02-07:00,2,50
global.js,85,js,03ef60cc,bdognieto,2026-04-17,19:38:07,-07:00,2026-04-17T19:38:07-07:00,1,0
global.js,86,js,03ef60cc,bdognieto,2026-04-17,19:38:07,-07:00,2026-04-17T19:38:07-07:00,0,0
global.js,87,js,03ef60cc,bdognieto,2026-04-17,19:38:07,-07:00,2026-04-17T19:38:07-07:00,1,22
global.js,88,js,03ef60cc,bdognieto,2026-04-17,19:38:07,-07:00,2026-04-17T19:38:07-07:00,1,18
global.js,89,js,afad9d9b,bdognieto,2026-04-25,18:01:06,-07:00,2026-04-25T18:01:06-07:00,0,1
global.js,90,js,afad9d9b,bdognieto,2026-04-25,18:01:06,-07:00,2026-04-25T18:01:06-07:00,0,0
global.js,91,js,afad9d9b,bdognieto,2026-04-25,18:01:06,-07:00,2026-04-25T18:01:06-07:00,0,36
global.js,92,js,afad9d9b,bdognieto,2026-04-25,18:01:06,-07:00,2026-04-25T18:01:06-07:00,1,3
global.js,93,js,afad9d9b,bdognieto,2026-04-25,18:01:06,-07:00,2026-04-25T18:01:06-07:00,2,39
global.js,94,js,afad9d9b,bdognieto,2026-04-25,18:01:06,-07:00,2026-04-25T18:01:06-07:00,2,32
global.js,95,js,afad9d9b,bdognieto,2026-04-25,18:01:06,-07:00,2026-04-25T18:01:06-07:00,2,17
global.js,96,js,afad9d9b,bdognieto,2026-04-25,18:01:06,-07:00,2026-04-25T18:01:06-07:00,3,66
global.js,97,js,afad9d9b,bdognieto,2026-04-25,18:01:06,-07:00,2026-04-25T18:01:06-07:00,2,0
global.js,98,js,afad9d9b,bdognieto,2026-04-25,18:01:06,-07:00,2026-04-25T18:01:06-07:00,2,33
global.js,99,js,afad9d9b,bdognieto,2026-04-25,18:01:06,-07:00,2026-04-25T18:01:06-07:00,2,10
global.js,100,js,afad9d9b,bdognieto,2026-04-25,18:01:06,-07:00,2026-04-25T18:01:06-07:00,1,15
global.js,101,js,afad9d9b,bdognieto,2026-04-25,18:01:06,-07:00,2026-04-25T18:01:06-07:00,2,59
global.js,102,js,afad9d9b,bdognieto,2026-04-25,18:01:06,-07:00,2026-04-25T18:01:06-07:00,1,0
global.js,103,js,afad9d9b,bdognieto,2026-04-25,18:01:06,-07:00,2026-04-25T18:01:06-07:00,0,0
global.js,104,js,afad9d9b,bdognieto,2026-04-25,18:01:06,-07:00,2026-04-25T18:01:06-07:00,0,0
global.js,105,js,3e9c2e62,bdognieto,2026-05-01,15:00:01,-07:00,2026-05-01T15:00:01-07:00,0,47
global.js,106,js,3e9c2e62,bdognieto,2026-05-01,15:00:01,-07:00,2026-05-01T15:00:01-07:00,1,59
global.js,107,js,3e9c2e62,bdognieto,2026-05-01,15:00:01,-07:00,2026-05-01T15:00:01-07:00,0,0
global.js,108,js,3e9c2e62,bdognieto,2026-05-01,15:00:01,-07:00,2026-05-01T15:00:01-07:00,0,0
global.js,109,js,afad9d9b,bdognieto,2026-04-25,18:01:06,-07:00,2026-04-25T18:01:06-07:00,0,79
global.js,110,js,afad9d9b,bdognieto,2026-04-25,18:01:06,-07:00,2026-04-25T18:01:06-07:00,1,37
global.js,111,js,afad9d9b,bdognieto,2026-04-25,18:01:06,-07:00,2026-04-25T18:01:06-07:00,1,22
global.js,112,js,afad9d9b,bdognieto,2026-04-25,18:01:06,-07:00,2026-04-25T18:01:06-07:00,2,5
global.js,113,js,afad9d9b,bdognieto,2026-04-25,18:01:06,-07:00,2026-04-25T18:01:06-07:00,1,0
global.js,114,js,afad9d9b,bdognieto,2026-04-25,18:01:06,-07:00,2026-04-25T18:01:06-07:00,0,0
global.js,115,js,afad9d9b,bdognieto,2026-04-25,18:01:06,-07:00,2026-04-25T18:01:06-07:00,1,25
global.js,116,js,afad9d9b,bdognieto,2026-04-25,18:01:06,-07:00,2026-04-25T18:01:06-07:00,1,30
global.js,117,js,afad9d9b,bdognieto,2026-04-25,18:01:06,-07:00,2026-04-25T18:01:06-07:00,0,0
global.js,118,js,afad9d9b,bdognieto,2026-04-25,18:01:06,-07:00,2026-04-25T18:01:06-07:00,1,34
global.js,119,js,afad9d9b,bdognieto,2026-04-25,18:01:06,-07:00,2026-04-25T18:01:06-07:00,1,39
global.js,120,js,afad9d9b,bdognieto,2026-04-25,18:01:06,-07:00,2026-04-25T18:01:06-07:00,2,55
global.js,121,js,afad9d9b,bdognieto,2026-04-25,18:01:06,-07:00,2026-04-25T18:01:06-07:00,2,5
global.js,122,js,afad9d9b,bdognieto,2026-04-25,18:01:06,-07:00,2026-04-25T18:01:06-07:00,1,0
global.js,123,js,afad9d9b,bdognieto,2026-04-25,18:01:06,-07:00,2026-04-25T18:01:06-07:00,0,0
global.js,124,js,afad9d9b,bdognieto,2026-04-25,18:01:06,-07:00,2026-04-25T18:01:06-07:00,1,25
global.js,125,js,afad9d9b,bdognieto,2026-04-25,18:01:06,-07:00,2026-04-25T18:01:06-07:00,1,29
global.js,126,js,afad9d9b,bdognieto,2026-04-25,18:01:06,-07:00,2026-04-25T18:01:06-07:00,2,48
global.js,127,js,afad9d9b,bdognieto,2026-04-25,18:01:06,-07:00,2026-04-25T18:01:06-07:00,0,0
global.js,128,js,afad9d9b,bdognieto,2026-04-25,18:01:06,-07:00,2026-04-25T18:01:06-07:00,2,19
global.js,129,js,3e9c2e62,bdognieto,2026-05-01,15:00:01,-07:00,2026-05-01T15:00:01-07:00,2,49
global.js,130,js,3e9c2e62,bdognieto,2026-05-01,15:00:01,-07:00,2026-05-01T15:00:01-07:00,2,49
global.js,131,js,3e9c2e62,bdognieto,2026-05-01,15:00:01,-07:00,2026-05-01T15:00:01-07:00,2,3
global.js,132,js,afad9d9b,bdognieto,2026-04-25,18:01:06,-07:00,2026-04-25T18:01:06-07:00,3,27
global.js,133,js,3e9c2e62,bdognieto,2026-05-01,15:00:01,-07:00,2026-05-01T15:00:01-07:00,3,44
global.js,134,js,3e9c2e62,bdognieto,2026-05-01,15:00:01,-07:00,2026-05-01T15:00:01-07:00,2,4
global.js,135,js,afad9d9b,bdognieto,2026-04-25,18:01:06,-07:00,2026-04-25T18:01:06-07:00,2,0
global.js,136,js,afad9d9b,bdognieto,2026-04-25,18:01:06,-07:00,2026-04-25T18:01:06-07:00,0,0
global.js,137,js,afad9d9b,bdognieto,2026-04-25,18:01:06,-07:00,2026-04-25T18:01:06-07:00,2,36
global.js,138,js,afad9d9b,bdognieto,2026-04-25,18:01:06,-07:00,2026-04-25T18:01:06-07:00,1,0
global.js,139,js,afad9d9b,bdognieto,2026-04-25,18:01:06,-07:00,2026-04-25T18:01:06-07:00,0,0
resume/index.html,1,html,7dd8f056,bdognieto,2026-04-03,21:41:09,-07:00,2026-04-03T21:41:09-07:00,0,13
resume/index.html,2,html,7dd8f056,bdognieto,2026-04-03,21:41:09,-07:00,2026-04-03T21:41:09-07:00,0,14
resume/index.html,3,html,7dd8f056,bdognieto,2026-04-03,21:41:09,-07:00,2026-04-03T21:41:09-07:00,0,4
resume/index.html,4,html,7dd8f056,bdognieto,2026-04-03,21:41:09,-07:00,2026-04-03T21:41:09-07:00,1,20
resume/index.html,5,html,7dd8f056,bdognieto,2026-04-03,21:41:09,-07:00,2026-04-03T21:41:09-07:00,1,66
resume/index.html,6,html,7dd8f056,bdognieto,2026-04-03,21:41:09,-07:00,2026-04-03T21:41:09-07:00,1,19
resume/index.html,7,html,7dd8f056,bdognieto,2026-04-03,21:41:09,-07:00,2026-04-03T21:41:09-07:00,1,41
resume/index.html,8,html,7dd8f056,bdognieto,2026-04-03,21:41:09,-07:00,2026-04-03T21:41:09-07:00,0,5
resume/index.html,9,html,d3d013d9,bdognieto,2026-04-10,21:26:29,-07:00,2026-04-10T21:26:29-07:00,0,19
resume/index.html,10,html,7dd8f056,bdognieto,2026-04-03,21:41:09,-07:00,2026-04-03T21:41:09-07:00,1,20
resume/index.html,11,html,7dd8f056,bdognieto,2026-04-03,21:41:09,-07:00,2026-04-03T21:41:09-07:00,1,18
resume/index.html,12,html,7dd8f056,bdognieto,2026-04-03,21:41:09,-07:00,2026-04-03T21:41:09-07:00,1,1
resume/index.html,13,html,7dd8f056,bdognieto,2026-04-03,21:41:09,-07:00,2026-04-03T21:41:09-07:00,2,52
resume/index.html,14,html,7dd8f056,bdognieto,2026-04-03,21:41:09,-07:00,2026-04-03T21:41:09-07:00,2,88
resume/index.html,15,html,7dd8f056,bdognieto,2026-04-03,21:41:09,-07:00,2026-04-03T21:41:09-07:00,1,2
resume/index.html,16,html,7dd8f056,bdognieto,2026-04-03,21:41:09,-07:00,2026-04-03T21:41:09-07:00,0,0
resume/index.html,17,html,7dd8f056,bdognieto,2026-04-03,21:41:09,-07:00,2026-04-03T21:41:09-07:00,1,7
resume/index.html,18,html,7dd8f056,bdognieto,2026-04-03,21:41:09,-07:00,2026-04-03T21:41:09-07:00,2,16
resume/index.html,19,html,7dd8f056,bdognieto,2026-04-03,21:41:09,-07:00,2026-04-03T21:41:09-07:00,2,7
resume/index.html,20,html,7dd8f056,bdognieto,2026-04-03,21:41:09,-07:00,2026-04-03T21:41:09-07:00,3,42
resume/index.html,21,html,7dd8f056,bdognieto,2026-04-03,21:41:09,-07:00,2026-04-03T21:41:09-07:00,3,93
resume/index.html,22,html,7dd8f056,bdognieto,2026-04-03,21:41:09,-07:00,2026-04-03T21:41:09-07:00,3,26
resume/index.html,23,html,7dd8f056,bdognieto,2026-04-03,21:41:09,-07:00,2026-04-03T21:41:09-07:00,3,57
resume/index.html,24,html,7dd8f056,bdognieto,2026-04-03,21:41:09,-07:00,2026-04-03T21:41:09-07:00,2,8
resume/index.html,25,html,7dd8f056,bdognieto,2026-04-03,21:41:09,-07:00,2026-04-03T21:41:09-07:00,1,8
resume/index.html,26,html,7dd8f056,bdognieto,2026-04-03,21:41:09,-07:00,2026-04-03T21:41:09-07:00,0,0
resume/index.html,27,html,7dd8f056,bdognieto,2026-04-03,21:41:09,-07:00,2026-04-03T21:41:09-07:00,1,7
resume/index.html,28,html,7dd8f056,bdognieto,2026-04-03,21:41:09,-07:00,2026-04-03T21:41:09-07:00,2,26
resume/index.html,29,html,7dd8f056,bdognieto,2026-04-03,21:41:09,-07:00,2026-04-03T21:41:09-07:00,2,2
resume/index.html,30,html,7dd8f056,bdognieto,2026-04-03,21:41:09,-07:00,2026-04-03T21:41:09-07:00,3,51
resume/index.html,31,html,7dd8f056,bdognieto,2026-04-03,21:41:09,-07:00,2026-04-03T21:41:09-07:00,3,44
resume/index.html,32,html,7dd8f056,bdognieto,2026-04-03,21:41:09,-07:00,2026-04-03T21:41:09-07:00,3,21
resume/index.html,33,html,7dd8f056,bdognieto,2026-04-03,21:41:09,-07:00,2026-04-03T21:41:09-07:00,3,31
resume/index.html,34,html,7dd8f056,bdognieto,2026-04-03,21:41:09,-07:00,2026-04-03T21:41:09-07:00,3,29
resume/index.html,35,html,7dd8f056,bdognieto,2026-04-03,21:41:09,-07:00,2026-04-03T21:41:09-07:00,3,29
resume/index.html,36,html,7dd8f056,bdognieto,2026-04-03,21:41:09,-07:00,2026-04-03T21:41:09-07:00,3,29
resume/index.html,37,html,7dd8f056,bdognieto,2026-04-03,21:41:09,-07:00,2026-04-03T21:41:09-07:00,3,25
resume/index.html,38,html,7dd8f056,bdognieto,2026-04-03,21:41:09,-07:00,2026-04-03T21:41:09-07:00,2,3
resume/index.html,39,html,7dd8f056,bdognieto,2026-04-03,21:41:09,-07:00,2026-04-03T21:41:09-07:00,1,8
resume/index.html,40,html,7dd8f056,bdognieto,2026-04-03,21:41:09,-07:00,2026-04-03T21:41:09-07:00,0,0
resume/index.html,41,html,7dd8f056,bdognieto,2026-04-03,21:41:09,-07:00,2026-04-03T21:41:09-07:00,1,7
resume/index.html,42,html,7dd8f056,bdognieto,2026-04-03,21:41:09,-07:00,2026-04-03T21:41:09-07:00,2,23
resume/index.html,43,html,7dd8f056,bdognieto,2026-04-03,21:41:09,-07:00,2026-04-03T21:41:09-07:00,2,7
resume/index.html,44,html,7dd8f056,bdognieto,2026-04-03,21:41:09,-07:00,2026-04-03T21:41:09-07:00,3,16
resume/index.html,45,html,7dd8f056,bdognieto,2026-04-03,21:41:09,-07:00,2026-04-03T21:41:09-07:00,3,25
resume/index.html,46,html,7dd8f056,bdognieto,2026-04-03,21:41:09,-07:00,2026-04-03T21:41:09-07:00,0,0
resume/index.html,47,html,7dd8f056,bdognieto,2026-04-03,21:41:09,-07:00,2026-04-03T21:41:09-07:00,3,29
resume/index.html,48,html,7dd8f056,bdognieto,2026-04-03,21:41:09,-07:00,2026-04-03T21:41:09-07:00,3,49
resume/index.html,49,html,7dd8f056,bdognieto,2026-04-03,21:41:09,-07:00,2026-04-03T21:41:09-07:00,0,0
resume/index.html,50,html,7dd8f056,bdognieto,2026-04-03,21:41:09,-07:00,2026-04-03T21:41:09-07:00,3,12
resume/index.html,51,html,7dd8f056,bdognieto,2026-04-03,21:41:09,-07:00,2026-04-03T21:41:09-07:00,3,33
resume/index.html,52,html,7dd8f056,bdognieto,2026-04-03,21:41:09,-07:00,2026-04-03T21:41:09-07:00,0,0
resume/index.html,53,html,7dd8f056,bdognieto,2026-04-03,21:41:09,-07:00,2026-04-03T21:41:09-07:00,3,17
resume/index.html,54,html,7dd8f056,bdognieto,2026-04-03,21:41:09,-07:00,2026-04-03T21:41:09-07:00,3,99
resume/index.html,55,html,7dd8f056,bdognieto,2026-04-03,21:41:09,-07:00,2026-04-03T21:41:09-07:00,2,8
resume/index.html,56,html,7dd8f056,bdognieto,2026-04-03,21:41:09,-07:00,2026-04-03T21:41:09-07:00,1,8
resume/index.html,57,html,7dd8f056,bdognieto,2026-04-03,21:41:09,-07:00,2026-04-03T21:41:09-07:00,0,0
resume/index.html,58,html,7dd8f056,bdognieto,2026-04-03,21:41:09,-07:00,2026-04-03T21:41:09-07:00,1,7
resume/index.html,59,html,7dd8f056,bdognieto,2026-04-03,21:41:09,-07:00,2026-04-03T21:41:09-07:00,2,15
resume/index.html,60,html,7dd8f056,bdognieto,2026-04-03,21:41:09,-07:00,2026-04-03T21:41:09-07:00,0,0
resume/index.html,61,html,7dd8f056,bdognieto,2026-04-03,21:41:09,-07:00,2026-04-03T21:41:09-07:00,2,7
resume/index.html,62,html,7dd8f056,bdognieto,2026-04-03,21:41:09,-07:00,2026-04-03T21:41:09-07:00,3,67
resume/index.html,63,html,7dd8f056,bdognieto,2026-04-03,21:41:09,-07:00,2026-04-03T21:41:09-07:00,3,55
resume/index.html,64,html,7dd8f056,bdognieto,2026-04-03,21:41:09,-07:00,2026-04-03T21:41:09-07:00,3,1
resume/index.html,65,html,7dd8f056,bdognieto,2026-04-03,21:41:09,-07:00,2026-04-03T21:41:09-07:00,4,89
resume/index.html,66,html,7dd8f056,bdognieto,2026-04-03,21:41:09,-07:00,2026-04-03T21:41:09-07:00,3,2
resume/index.html,67,html,7dd8f056,bdognieto,2026-04-03,21:41:09,-07:00,2026-04-03T21:41:09-07:00,3,2
resume/index.html,68,html,7dd8f056,bdognieto,2026-04-03,21:41:09,-07:00,2026-04-03T21:41:09-07:00,4,94
resume/index.html,69,html,7dd8f056,bdognieto,2026-04-03,21:41:09,-07:00,2026-04-03T21:41:09-07:00,4,113
resume/index.html,70,html,7dd8f056,bdognieto,2026-04-03,21:41:09,-07:00,2026-04-03T21:41:09-07:00,4,105
resume/index.html,71,html,7dd8f056,bdognieto,2026-04-03,21:41:09,-07:00,2026-04-03T21:41:09-07:00,4,81
resume/index.html,72,html,7dd8f056,bdognieto,2026-04-03,21:41:09,-07:00,2026-04-03T21:41:09-07:00,3,3
resume/index.html,73,html,7dd8f056,bdognieto,2026-04-03,21:41:09,-07:00,2026-04-03T21:41:09-07:00,2,8
resume/index.html,74,html,7dd8f056,bdognieto,2026-04-03,21:41:09,-07:00,2026-04-03T21:41:09-07:00,0,0
resume/index.html,75,html,7dd8f056,bdognieto,2026-04-03,21:41:09,-07:00,2026-04-03T21:41:09-07:00,2,7
resume/index.html,76,html,7dd8f056,bdognieto,2026-04-03,21:41:09,-07:00,2026-04-03T21:41:09-07:00,3,62
resume/index.html,77,html,7dd8f056,bdognieto,2026-04-03,21:41:09,-07:00,2026-04-03T21:41:09-07:00,3,2
resume/index.html,78,html,7dd8f056,bdognieto,2026-04-03,21:41:09,-07:00,2026-04-03T21:41:09-07:00,4,87
resume/index.html,79,html,7dd8f056,bdognieto,2026-04-03,21:41:09,-07:00,2026-04-03T21:41:09-07:00,4,97
resume/index.html,80,html,7dd8f056,bdognieto,2026-04-03,21:41:09,-07:00,2026-04-03T21:41:09-07:00,4,75
resume/index.html,81,html,7dd8f056,bdognieto,2026-04-03,21:41:09,-07:00,2026-04-03T21:41:09-07:00,3,3
resume/index.html,82,html,7dd8f056,bdognieto,2026-04-03,21:41:09,-07:00,2026-04-03T21:41:09-07:00,2,8
resume/index.html,83,html,7dd8f056,bdognieto,2026-04-03,21:41:09,-07:00,2026-04-03T21:41:09-07:00,1,8
resume/index.html,84,html,7dd8f056,bdognieto,2026-04-03,21:41:09,-07:00,2026-04-03T21:41:09-07:00,0,0
resume/index.html,85,html,7dd8f056,bdognieto,2026-04-03,21:41:09,-07:00,2026-04-03T21:41:09-07:00,1,7
resume/index.html,86,html,7dd8f056,bdognieto,2026-04-03,21:41:09,-07:00,2026-04-03T21:41:09-07:00,2,31
resume/index.html,87,html,7dd8f056,bdognieto,2026-04-03,21:41:09,-07:00,2026-04-03T21:41:09-07:00,2,7
resume/index.html,88,html,7dd8f056,bdognieto,2026-04-03,21:41:09,-07:00,2026-04-03T21:41:09-07:00,3,64
resume/index.html,89,html,7dd8f056,bdognieto,2026-04-03,21:41:09,-07:00,2026-04-03T21:41:09-07:00,3,96
resume/index.html,90,html,7dd8f056,bdognieto,2026-04-03,21:41:09,-07:00,2026-04-03T21:41:09-07:00,3,2
resume/index.html,91,html,7dd8f056,bdognieto,2026-04-03,21:41:09,-07:00,2026-04-03T21:41:09-07:00,4,108
resume/index.html,92,html,7dd8f056,bdognieto,2026-04-03,21:41:09,-07:00,2026-04-03T21:41:09-07:00,4,87
resume/index.html,93,html,7dd8f056,bdognieto,2026-04-03,21:41:09,-07:00,2026-04-03T21:41:09-07:00,4,72
resume/index.html,94,html,7dd8f056,bdognieto,2026-04-03,21:41:09,-07:00,2026-04-03T21:41:09-07:00,4,138
resume/index.html,95,html,7dd8f056,bdognieto,2026-04-03,21:41:09,-07:00,2026-04-03T21:41:09-07:00,3,3
resume/index.html,96,html,7dd8f056,bdognieto,2026-04-03,21:41:09,-07:00,2026-04-03T21:41:09-07:00,2,8
resume/index.html,97,html,7dd8f056,bdognieto,2026-04-03,21:41:09,-07:00,2026-04-03T21:41:09-07:00,1,8
resume/index.html,98,html,7dd8f056,bdognieto,2026-04-03,21:41:09,-07:00,2026-04-03T21:41:09-07:00,0,0
resume/index.html,99,html,7dd8f056,bdognieto,2026-04-03,21:41:09,-07:00,2026-04-03T21:41:09-07:00,1,7
resume/index.html,100,html,7dd8f056,bdognieto,2026-04-03,21:41:09,-07:00,2026-04-03T21:41:09-07:00,2,22
resume/index.html,101,html,7dd8f056,bdognieto,2026-04-03,21:41:09,-07:00,2026-04-03T21:41:09-07:00,2,7
resume/index.html,102,html,7dd8f056,bdognieto,2026-04-03,21:41:09,-07:00,2026-04-03T21:41:09-07:00,3,73
resume/index.html,103,html,7dd8f056,bdognieto,2026-04-03,21:41:09,-07:00,2026-04-03T21:41:09-07:00,3,59
resume/index.html,104,html,7dd8f056,bdognieto,2026-04-03,21:41:09,-07:00,2026-04-03T21:41:09-07:00,3,2
resume/index.html,105,html,7dd8f056,bdognieto,2026-04-03,21:41:09,-07:00,2026-04-03T21:41:09-07:00,4,140
resume/index.html,106,html,7dd8f056,bdognieto,2026-04-03,21:41:09,-07:00,2026-04-03T21:41:09-07:00,4,121
resume/index.html,107,html,7dd8f056,bdognieto,2026-04-03,21:41:09,-07:00,2026-04-03T21:41:09-07:00,3,3
resume/index.html,108,html,7dd8f056,bdognieto,2026-04-03,21:41:09,-07:00,2026-04-03T21:41:09-07:00,2,8
resume/index.html,109,html,7dd8f056,bdognieto,2026-04-03,21:41:09,-07:00,2026-04-03T21:41:09-07:00,1,8
resume/index.html,110,html,33cf3ce8,bdognieto,2026-04-17,18:23:40,-07:00,2026-04-17T18:23:40-07:00,1,48
resume/index.html,111,html,7dd8f056,bdognieto,2026-04-03,21:41:09,-07:00,2026-04-03T21:41:09-07:00,0,5
resume/index.html,112,html,7dd8f056,bdognieto,2026-04-03,21:41:09,-07:00,2026-04-03T21:41:09-07:00,0,5
projects/projects.js,1,js,b70c1641,bdognieto,2026-05-01,15:19:14,-07:00,2026-05-01T15:19:14-07:00,0,63
projects/projects.js,2,js,afad9d9b,bdognieto,2026-04-25,18:01:06,-07:00,2026-04-25T18:01:06-07:00,0,55
projects/projects.js,3,js,afad9d9b,bdognieto,2026-04-25,18:01:06,-07:00,2026-04-25T18:01:06-07:00,0,0
projects/projects.js,4,js,afad9d9b,bdognieto,2026-04-25,18:01:06,-07:00,2026-04-25T18:01:06-07:00,0,55
projects/projects.js,5,js,afad9d9b,bdognieto,2026-04-25,18:01:06,-07:00,2026-04-25T18:01:06-07:00,0,0
projects/projects.js,6,js,afad9d9b,bdognieto,2026-04-25,18:01:06,-07:00,2026-04-25T18:01:06-07:00,0,60
projects/projects.js,7,js,8b7348b7,bdognieto,2026-04-25,18:38:14,-07:00,2026-04-25T18:38:14-07:00,0,54
projects/projects.js,8,js,2384892d,bdognieto,2026-05-07,21:11:53,-07:00,2026-05-07T21:11:53-07:00,0,55
projects/projects.js,9,js,afad9d9b,bdognieto,2026-04-25,18:01:06,-07:00,2026-04-25T18:01:06-07:00,0,0
projects/projects.js,10,js,2384892d,bdognieto,2026-05-07,21:11:53,-07:00,2026-05-07T21:11:53-07:00,0,21
projects/projects.js,11,js,2384892d,bdognieto,2026-05-07,21:11:53,-07:00,2026-05-07T21:11:53-07:00,0,13
projects/projects.js,12,js,2384892d,bdognieto,2026-05-07,21:11:53,-07:00,2026-05-07T21:11:53-07:00,0,0
projects/projects.js,13,js,2384892d,bdognieto,2026-05-07,21:11:53,-07:00,2026-05-07T21:11:53-07:00,0,50
projects/projects.js,14,js,8b7348b7,bdognieto,2026-04-25,18:38:14,-07:00,2026-04-25T18:38:14-07:00,0,48
projects/projects.js,15,js,8b7348b7,bdognieto,2026-04-25,18:38:14,-07:00,2026-04-25T18:38:14-07:00,0,0
projects/projects.js,16,js,2384892d,bdognieto,2026-05-07,21:11:53,-07:00,2026-05-07T21:11:53-07:00,0,30
projects/projects.js,17,js,2384892d,bdognieto,2026-05-07,21:11:53,-07:00,2026-05-07T21:11:53-07:00,1,49
projects/projects.js,18,js,2384892d,bdognieto,2026-05-07,21:11:53,-07:00,2026-05-07T21:11:53-07:00,2,59
projects/projects.js,19,js,2384892d,bdognieto,2026-05-07,21:11:53,-07:00,2026-05-07T21:11:53-07:00,2,28
projects/projects.js,20,js,2384892d,bdognieto,2026-05-07,21:11:53,-07:00,2026-05-07T21:11:53-07:00,1,1
projects/projects.js,21,js,b70c1641,bdognieto,2026-05-01,15:19:14,-07:00,2026-05-01T15:19:14-07:00,0,0
projects/projects.js,22,js,2384892d,bdognieto,2026-05-07,21:11:53,-07:00,2026-05-07T21:11:53-07:00,1,25
projects/projects.js,23,js,2384892d,bdognieto,2026-05-07,21:11:53,-07:00,2026-05-07T21:11:53-07:00,2,28
projects/projects.js,24,js,2384892d,bdognieto,2026-05-07,21:11:53,-07:00,2026-05-07T21:11:53-07:00,3,15
projects/projects.js,25,js,2384892d,bdognieto,2026-05-07,21:11:53,-07:00,2026-05-07T21:11:53-07:00,3,12
projects/projects.js,26,js,2384892d,bdognieto,2026-05-07,21:11:53,-07:00,2026-05-07T21:11:53-07:00,3,9
projects/projects.js,27,js,2384892d,bdognieto,2026-05-07,21:11:53,-07:00,2026-05-07T21:11:53-07:00,2,0
projects/projects.js,28,js,e01062ca,bdognieto,2026-05-07,21:05:27,-07:00,2026-05-07T21:05:27-07:00,0,0
projects/projects.js,29,js,2384892d,bdognieto,2026-05-07,21:11:53,-07:00,2026-05-07T21:11:53-07:00,2,50
projects/projects.js,30,js,30cc349d,bdognieto,2026-05-07,20:38:56,-07:00,2026-05-07T20:38:56-07:00,0,0
projects/projects.js,31,js,2384892d,bdognieto,2026-05-07,21:11:53,-07:00,2026-05-07T21:11:53-07:00,2,41
projects/projects.js,32,js,2384892d,bdognieto,2026-05-07,21:11:53,-07:00,2026-05-07T21:11:53-07:00,3,37
projects/projects.js,33,js,2384892d,bdognieto,2026-05-07,21:11:53,-07:00,2026-05-07T21:11:53-07:00,2,0
projects/projects.js,34,js,2384892d,bdognieto,2026-05-07,21:11:53,-07:00,2026-05-07T21:11:53-07:00,1,0
projects/projects.js,35,js,2384892d,bdognieto,2026-05-07,21:11:53,-07:00,2026-05-07T21:11:53-07:00,0,0
projects/projects.js,36,js,2384892d,bdognieto,2026-05-07,21:11:53,-07:00,2026-05-07T21:11:53-07:00,1,22
projects/projects.js,37,js,2384892d,bdognieto,2026-05-07,21:11:53,-07:00,2026-05-07T21:11:53-07:00,0,0
projects/projects.js,38,js,2384892d,bdognieto,2026-05-07,21:11:53,-07:00,2026-05-07T21:11:53-07:00,0,0
projects/projects.js,39,js,2384892d,bdognieto,2026-05-07,21:11:53,-07:00,2026-05-07T21:11:53-07:00,0,38
projects/projects.js,40,js,30cc349d,bdognieto,2026-05-07,20:38:56,-07:00,2026-05-07T20:38:56-07:00,1,26
projects/projects.js,41,js,30cc349d,bdognieto,2026-05-07,20:38:56,-07:00,2026-05-07T20:38:56-07:00,2,12
projects/projects.js,42,js,2384892d,bdognieto,2026-05-07,21:11:53,-07:00,2026-05-07T21:11:53-07:00,2,12
projects/projects.js,43,js,2384892d,bdognieto,2026-05-07,21:11:53,-07:00,2026-05-07T21:11:53-07:00,2,9
projects/projects.js,44,js,30cc349d,bdognieto,2026-05-07,20:38:56,-07:00,2026-05-07T20:38:56-07:00,1,0
projects/projects.js,45,js,30cc349d,bdognieto,2026-05-07,20:38:56,-07:00,2026-05-07T20:38:56-07:00,0,0
projects/projects.js,46,js,30cc349d,bdognieto,2026-05-07,20:38:56,-07:00,2026-05-07T20:38:56-07:00,1,44
projects/projects.js,47,js,30cc349d,bdognieto,2026-05-07,20:38:56,-07:00,2026-05-07T20:38:56-07:00,2,35
projects/projects.js,48,js,30cc349d,bdognieto,2026-05-07,20:38:56,-07:00,2026-05-07T20:38:56-07:00,1,1
projects/projects.js,49,js,30cc349d,bdognieto,2026-05-07,20:38:56,-07:00,2026-05-07T20:38:56-07:00,0,0
projects/projects.js,50,js,30cc349d,bdognieto,2026-05-07,20:38:56,-07:00,2026-05-07T20:38:56-07:00,1,57
projects/projects.js,51,js,30cc349d,bdognieto,2026-05-07,20:38:56,-07:00,2026-05-07T20:38:56-07:00,1,44
projects/projects.js,52,js,30cc349d,bdognieto,2026-05-07,20:38:56,-07:00,2026-05-07T20:38:56-07:00,0,0
projects/projects.js,53,js,30cc349d,bdognieto,2026-05-07,20:38:56,-07:00,2026-05-07T20:38:56-07:00,1,25
projects/projects.js,54,js,30cc349d,bdognieto,2026-05-07,20:38:56,-07:00,2026-05-07T20:38:56-07:00,2,13
projects/projects.js,55,js,30cc349d,bdognieto,2026-05-07,20:38:56,-07:00,2026-05-07T20:38:56-07:00,2,15
projects/projects.js,56,js,30cc349d,bdognieto,2026-05-07,20:38:56,-07:00,2026-05-07T20:38:56-07:00,0,0
projects/projects.js,57,js,30cc349d,bdognieto,2026-05-07,20:38:56,-07:00,2026-05-07T20:38:56-07:00,1,48
projects/projects.js,58,js,30cc349d,bdognieto,2026-05-07,20:38:56,-07:00,2026-05-07T20:38:56-07:00,1,33
projects/projects.js,59,js,30cc349d,bdognieto,2026-05-07,20:38:56,-07:00,2026-05-07T20:38:56-07:00,1,43
projects/projects.js,60,js,30cc349d,bdognieto,2026-05-07,20:38:56,-07:00,2026-05-07T20:38:56-07:00,0,0
projects/projects.js,61,js,30cc349d,bdognieto,2026-05-07,20:38:56,-07:00,2026-05-07T20:38:56-07:00,1,47
projects/projects.js,62,js,e01062ca,bdognieto,2026-05-07,21:05:27,-07:00,2026-05-07T21:05:27-07:00,1,40
projects/projects.js,63,js,e01062ca,bdognieto,2026-05-07,21:05:27,-07:00,2026-05-07T21:05:27-07:00,0,0
projects/projects.js,64,js,30cc349d,bdognieto,2026-05-07,20:38:56,-07:00,2026-05-07T20:38:56-07:00,1,26
projects/projects.js,65,js,e01062ca,bdognieto,2026-05-07,21:05:27,-07:00,2026-05-07T21:05:27-07:00,2,1
projects/projects.js,66,js,30cc349d,bdognieto,2026-05-07,20:38:56,-07:00,2026-05-07T20:38:56-07:00,3,13
projects/projects.js,67,js,30cc349d,bdognieto,2026-05-07,20:38:56,-07:00,2026-05-07T20:38:56-07:00,3,13
projects/projects.js,68,js,e01062ca,bdognieto,2026-05-07,21:05:27,-07:00,2026-05-07T21:05:27-07:00,3,24
projects/projects.js,69,js,e01062ca,bdognieto,2026-05-07,21:05:27,-07:00,2026-05-07T21:05:27-07:00,3,53
projects/projects.js,70,js,e01062ca,bdognieto,2026-05-07,21:05:27,-07:00,2026-05-07T21:05:27-07:00,3,18
projects/projects.js,71,js,e01062ca,bdognieto,2026-05-07,21:05:27,-07:00,2026-05-07T21:05:27-07:00,4,47
projects/projects.js,72,js,e01062ca,bdognieto,2026-05-07,21:05:27,-07:00,2026-05-07T21:05:27-07:00,0,0
projects/projects.js,73,js,2384892d,bdognieto,2026-05-07,21:11:53,-07:00,2026-05-07T21:11:53-07:00,4,43
projects/projects.js,74,js,e01062ca,bdognieto,2026-05-07,21:05:27,-07:00,2026-05-07T21:05:27-07:00,0,0
projects/projects.js,75,js,e01062ca,bdognieto,2026-05-07,21:05:27,-07:00,2026-05-07T21:05:27-07:00,4,56
projects/projects.js,76,js,2384892d,bdognieto,2026-05-07,21:11:53,-07:00,2026-05-07T21:11:53-07:00,4,28
projects/projects.js,77,js,e01062ca,bdognieto,2026-05-07,21:05:27,-07:00,2026-05-07T21:05:27-07:00,3,1
projects/projects.js,78,js,30cc349d,bdognieto,2026-05-07,20:38:56,-07:00,2026-05-07T20:38:56-07:00,1,1
projects/projects.js,79,js,30cc349d,bdognieto,2026-05-07,20:38:56,-07:00,2026-05-07T20:38:56-07:00,0,0
projects/projects.js,80,js,30cc349d,bdognieto,2026-05-07,20:38:56,-07:00,2026-05-07T20:38:56-07:00,1,32
projects/projects.js,81,js,30cc349d,bdognieto,2026-05-07,20:38:56,-07:00,2026-05-07T20:38:56-07:00,0,0
projects/projects.js,82,js,30cc349d,bdognieto,2026-05-07,20:38:56,-07:00,2026-05-07T20:38:56-07:00,1,24
projects/projects.js,83,js,e01062ca,bdognieto,2026-05-07,21:05:27,-07:00,2026-05-07T21:05:27-07:00,2,4
projects/projects.js,84,js,e01062ca,bdognieto,2026-05-07,21:05:27,-07:00,2026-05-07T21:05:27-07:00,3,11
projects/projects.js,85,js,30cc349d,bdognieto,2026-05-07,20:38:56,-07:00,2026-05-07T20:38:56-07:00,3,38
projects/projects.js,86,js,e01062ca,bdognieto,2026-05-07,21:05:27,-07:00,2026-05-07T21:05:27-07:00,3,53
projects/projects.js,87,js,30cc349d,bdognieto,2026-05-07,20:38:56,-07:00,2026-05-07T20:38:56-07:00,3,69
projects/projects.js,88,js,30cc349d,bdognieto,2026-05-07,20:38:56,-07:00,2026-05-07T20:38:56-07:00,1,1
projects/projects.js,89,js,30cc349d,bdognieto,2026-05-07,20:38:56,-07:00,2026-05-07T20:38:56-07:00,0,0
projects/projects.js,90,js,e01062ca,bdognieto,2026-05-07,21:05:27,-07:00,2026-05-07T21:05:27-07:00,0,0
projects/projects.js,91,js,30cc349d,bdognieto,2026-05-07,20:38:56,-07:00,2026-05-07T20:38:56-07:00,0,23
projects/projects.js,92,js,30cc349d,bdognieto,2026-05-07,20:38:56,-07:00,2026-05-07T20:38:56-07:00,0,0
projects/projects.js,93,js,30cc349d,bdognieto,2026-05-07,20:38:56,-07:00,2026-05-07T20:38:56-07:00,0,48
projects/projects.js,94,js,30cc349d,bdognieto,2026-05-07,20:38:56,-07:00,2026-05-07T20:38:56-07:00,1,39
projects/projects.js,95,js,e01062ca,bdognieto,2026-05-07,21:05:27,-07:00,2026-05-07T21:05:27-07:00,1,17
projects/projects.js,96,js,30cc349d,bdognieto,2026-05-07,20:38:56,-07:00,2026-05-07T20:38:56-07:00,0,0
projects/projects.js,97,js,2384892d,bdognieto,2026-05-07,21:11:53,-07:00,2026-05-07T21:11:53-07:00,1,43
projects/projects.js,98,js,30cc349d,bdognieto,2026-05-07,20:38:56,-07:00,2026-05-07T20:38:56-07:00,0,0
projects/projects.js,99,js,30cc349d,bdognieto,2026-05-07,20:38:56,-07:00,2026-05-07T20:38:56-07:00,1,56
projects/projects.js,100,js,30cc349d,bdognieto,2026-05-07,20:38:56,-07:00,2026-05-07T20:38:56-07:00,1,31
projects/projects.js,101,js,b70c1641,bdognieto,2026-05-01,15:19:14,-07:00,2026-05-01T15:19:14-07:00,0,1
projects/index.html,1,html,fef08778,bdognieto,2026-04-03,21:27:57,-07:00,2026-04-03T21:27:57-07:00,0,13
projects/index.html,2,html,fef08778,bdognieto,2026-04-03,21:27:57,-07:00,2026-04-03T21:27:57-07:00,0,14
projects/index.html,3,html,fef08778,bdognieto,2026-04-03,21:27:57,-07:00,2026-04-03T21:27:57-07:00,0,4
projects/index.html,4,html,fef08778,bdognieto,2026-04-03,21:27:57,-07:00,2026-04-03T21:27:57-07:00,1,20
projects/index.html,5,html,fef08778,bdognieto,2026-04-03,21:27:57,-07:00,2026-04-03T21:27:57-07:00,1,66
projects/index.html,6,html,fef08778,bdognieto,2026-04-03,21:27:57,-07:00,2026-04-03T21:27:57-07:00,1,21
projects/index.html,7,html,fef08778,bdognieto,2026-04-03,21:27:57,-07:00,2026-04-03T21:27:57-07:00,1,41
projects/index.html,8,html,fef08778,bdognieto,2026-04-03,21:27:57,-07:00,2026-04-03T21:27:57-07:00,0,5
projects/index.html,9,html,fef08778,bdognieto,2026-04-03,21:27:57,-07:00,2026-04-03T21:27:57-07:00,0,4
projects/index.html,10,html,afad9d9b,bdognieto,2026-04-25,18:01:06,-07:00,2026-04-25T18:01:06-07:00,1,38
projects/index.html,11,html,afad9d9b,bdognieto,2026-04-25,18:01:06,-07:00,2026-04-25T18:01:06-07:00,0,0
projects/index.html,12,html,5f4b2617,bdognieto,2026-05-01,15:55:44,-07:00,2026-05-01T15:55:44-07:00,1,25
projects/index.html,13,html,5f4b2617,bdognieto,2026-05-01,15:55:44,-07:00,2026-05-01T15:55:44-07:00,2,58
projects/index.html,14,html,5f4b2617,bdognieto,2026-05-01,15:55:44,-07:00,2026-05-01T15:55:44-07:00,2,22
projects/index.html,15,html,5f4b2617,bdognieto,2026-05-01,15:55:44,-07:00,2026-05-01T15:55:44-07:00,1,4
projects/index.html,16,html,b70c1641,bdognieto,2026-05-01,15:19:14,-07:00,2026-05-01T15:19:14-07:00,0,0
projects/index.html,17,html,30cc349d,bdognieto,2026-05-07,20:38:56,-07:00,2026-05-07T20:38:56-07:00,1,4
projects/index.html,18,html,30cc349d,bdognieto,2026-05-07,20:38:56,-07:00,2026-05-07T20:38:56-07:00,2,15
projects/index.html,19,html,30cc349d,bdognieto,2026-05-07,20:38:56,-07:00,2026-05-07T20:38:56-07:00,2,11
projects/index.html,20,html,30cc349d,bdognieto,2026-05-07,20:38:56,-07:00,2026-05-07T20:38:56-07:00,2,30
projects/index.html,21,html,30cc349d,bdognieto,2026-05-07,20:38:56,-07:00,2026-05-07T20:38:56-07:00,1,0
projects/index.html,22,html,30cc349d,bdognieto,2026-05-07,20:38:56,-07:00,2026-05-07T20:38:56-07:00,0,0
projects/index.html,23,html,af50ee89,bdognieto,2026-04-10,21:15:48,-07:00,2026-04-10T21:15:48-07:00,1,20
projects/index.html,24,html,afad9d9b,bdognieto,2026-04-25,18:01:06,-07:00,2026-04-25T18:01:06-07:00,2,51
projects/index.html,25,html,af50ee89,bdognieto,2026-04-10,21:15:48,-07:00,2026-04-10T21:15:48-07:00,1,4
projects/index.html,26,html,afad9d9b,bdognieto,2026-04-25,18:01:06,-07:00,2026-04-25T18:01:06-07:00,0,0
projects/index.html,27,html,33cf3ce8,bdognieto,2026-04-17,18:23:40,-07:00,2026-04-17T18:23:40-07:00,1,48
projects/index.html,28,html,afad9d9b,bdognieto,2026-04-25,18:01:06,-07:00,2026-04-25T18:01:06-07:00,1,47
projects/index.html,29,html,fef08778,bdognieto,2026-04-03,21:27:57,-07:00,2026-04-03T21:27:57-07:00,0,5
projects/index.html,30,html,fef08778,bdognieto,2026-04-03,21:27:57,-07:00,2026-04-03T21:27:57-07:00,0,5
contact/index.html,1,html,fef08778,bdognieto,2026-04-03,21:27:57,-07:00,2026-04-03T21:27:57-07:00,0,13
contact/index.html,2,html,fef08778,bdognieto,2026-04-03,21:27:57,-07:00,2026-04-03T21:27:57-07:00,0,14
contact/index.html,3,html,fef08778,bdognieto,2026-04-03,21:27:57,-07:00,2026-04-03T21:27:57-07:00,0,4
contact/index.html,4,html,fef08778,bdognieto,2026-04-03,21:27:57,-07:00,2026-04-03T21:27:57-07:00,1,20
contact/index.html,5,html,fef08778,bdognieto,2026-04-03,21:27:57,-07:00,2026-04-03T21:27:57-07:00,1,66
contact/index.html,6,html,fef08778,bdognieto,2026-04-03,21:27:57,-07:00,2026-04-03T21:27:57-07:00,1,20
contact/index.html,7,html,fef08778,bdognieto,2026-04-03,21:27:57,-07:00,2026-04-03T21:27:57-07:00,1,41
contact/index.html,8,html,fef08778,bdognieto,2026-04-03,21:27:57,-07:00,2026-04-03T21:27:57-07:00,0,5
contact/index.html,9,html,8bc96d9e,bdognieto,2026-04-17,19:51:02,-07:00,2026-04-17T19:51:02-07:00,0,0
contact/index.html,10,html,fef08778,bdognieto,2026-04-03,21:27:57,-07:00,2026-04-03T21:27:57-07:00,0,4
contact/index.html,11,html,fef08778,bdognieto,2026-04-03,21:27:57,-07:00,2026-04-03T21:27:57-07:00,1,14
contact/index.html,12,html,0e98634a,bdognieto,2026-04-03,21:34:12,-07:00,2026-04-03T21:34:12-07:00,0,0
contact/index.html,13,html,8bc96d9e,bdognieto,2026-04-17,19:51:02,-07:00,2026-04-17T19:51:02-07:00,1,45
contact/index.html,14,html,8bc96d9e,bdognieto,2026-04-17,19:51:02,-07:00,2026-04-17T19:51:02-07:00,2,0
contact/index.html,15,html,8bc96d9e,bdognieto,2026-04-17,19:51:02,-07:00,2026-04-17T19:51:02-07:00,2,5
contact/index.html,16,html,8bc96d9e,bdognieto,2026-04-17,19:51:02,-07:00,2026-04-17T19:51:02-07:00,3,6
contact/index.html,17,html,8bc96d9e,bdognieto,2026-04-17,19:51:02,-07:00,2026-04-17T19:51:02-07:00,3,29
contact/index.html,18,html,8bc96d9e,bdognieto,2026-04-17,19:51:02,-07:00,2026-04-17T19:51:02-07:00,2,6
contact/index.html,19,html,0e98634a,bdognieto,2026-04-03,21:34:12,-07:00,2026-04-03T21:34:12-07:00,0,0
contact/index.html,20,html,8bc96d9e,bdognieto,2026-04-17,19:51:02,-07:00,2026-04-17T19:51:02-07:00,2,5
contact/index.html,21,html,8bc96d9e,bdognieto,2026-04-17,19:51:02,-07:00,2026-04-17T19:51:02-07:00,3,6
contact/index.html,22,html,8bc96d9e,bdognieto,2026-04-17,19:51:02,-07:00,2026-04-17T19:51:02-07:00,3,40
contact/index.html,23,html,8bc96d9e,bdognieto,2026-04-17,19:51:02,-07:00,2026-04-17T19:51:02-07:00,2,6
contact/index.html,24,html,0e98634a,bdognieto,2026-04-03,21:34:12,-07:00,2026-04-03T21:34:12-07:00,0,0
contact/index.html,25,html,8bc96d9e,bdognieto,2026-04-17,19:51:02,-07:00,2026-04-17T19:51:02-07:00,2,33
contact/index.html,26,html,0e98634a,bdognieto,2026-04-03,21:34:12,-07:00,2026-04-03T21:34:12-07:00,0,0
contact/index.html,27,html,8bc96d9e,bdognieto,2026-04-17,19:51:02,-07:00,2026-04-17T19:51:02-07:00,1,5
contact/index.html,28,html,7340d15c,bdognieto,2026-04-17,18:37:25,-07:00,2026-04-17T18:37:25-07:00,0,0
contact/index.html,29,html,33cf3ce8,bdognieto,2026-04-17,18:23:40,-07:00,2026-04-17T18:23:40-07:00,1,48
contact/index.html,30,html,8bc96d9e,bdognieto,2026-04-17,19:51:02,-07:00,2026-04-17T19:51:02-07:00,0,5
contact/index.html,31,html,8bc96d9e,bdognieto,2026-04-17,19:51:02,-07:00,2026-04-17T19:51:02-07:00,0,5
